Workbook

Sheet Лист1
B1: e1 | C1: e2 | D1: e3 | E1: e4 | F1: e5 | G1: e6 | H1: e7 | I1: e8 | J1: e9 | K1: e10 | L1: e11 | M1: e12
A2: e1 | B2: 0 | D2: 2 | E2: 3 | G2: 3 | H2: 4 | I2: 1 | J2: 5 | L2: 1 | M2: 4
A3: e2 | C3: 0 | D3: 5 | H3: 2 | I3: 2 | J3: 5 | K3: 1
A4: e3 | B4: 2 | C4: 5 | D4: 0 | E4: 1 | F4: 5 | G4: 3 | I4: 2 | J4: 1 | L4: 4 | M4: 4
A5: e4 | B5: 3 | D5: 1 | E5: 0 | F5: 4 | I5: 1 | J5: 2
A6: e5 | D6: 5 | E6: 4 | F6: 0 | H6: 5 | K6: 4
A7: e6 | B7: 3 | D7: 3 | G7: 0 | H7: 2 | I7: 2
A8: e7 | B8: 4 | C8: 2 | F8: 5 | G8: 2 | H8: 0 | I8: 2 | M8: 2
A9: e8 | B9: 1 | C9: 2 | D9: 2 | E9: 1 | G9: 2 | H9: 2 | I9: 0 | K9: 1 | M9: 3
A10: e9 | B10: 5 | C10: 5 | D10: 1 | E10: 2 | J10: 0 | L10: 4
A11: e10 | C11: 1 | F11: 4 | I11: 1 | K11: 0 | L11: 3
A12: e11 | B12: 1 | D12: 4 | J12: 4 | K12: 3 | L12: 0 | M12: 4
A13: e12 | B13: 4 | D13: 4 | H13: 2 | I13: 3 | L13: 4 | M13: 0
F16: e2 | G16: e3
A19: x1 | B19: x2 | C19: x3 | D19: x4 | E19: x5 | F19: x6 | G19: x7 | H19: x8 | I19: x9 | J19: x10 | K19: x11 | L19: x12
A20: x1 | B20: x3 | C20: x2 | D20: x7 | E20: x6 | F20: x8 | G20: x10 | H20: x5 | I20: x4 | J20: x9 | K20: x11 | L20: x12
A22: x1 | B22: x3 | C22: x2 | D22: x9 | E22: x8 | F22: x5 | G22: x4 | H22: x6 | I22: x10 | J22: x7 | K22: x11 | L22: x12
A23: x1 | B23: x2 | C23: x3 | D23: x4 | E23: x5 | F23: x6 | G23: x7 | H23: x8 | I23: x9 | J23: x10 | K23: x11 | L23: x12

Sheet Лист4
B1: =Лист1!B1 -> e1 | C1: =Лист1!C1 -> e2 | D1: =Лист1!D1 -> e3 | E1: =Лист1!E1 -> e4 | F1: =Лист1!F1 -> e5 | G1: =Лист1!G1 -> e6 | H1: =Лист1!H1 -> e7 | I1: =Лист1!I1 -> e8 | ... M1: =Лист1!M1 -> e12
A2: =Лист1!A2 -> e1 | B2: =IF(Лист1!B2>0,B$1,"") | C2: =IF(Лист1!C2>0,C$1,"") | D2: =IF(Лист1!D2>0,D$1,"") -> e3 | E2: =IF(Лист1!E2>0,E$1,"") -> e4 | F2: =IF(Лист1!F2>0,F$1,"") | G2: =IF(Лист1!G2>0,G$1,"") -> e6 | H2: =IF(Лист1!H2>0,H$1,"") -> e7 | I2: =IF(Лист1!I2>0,I$1,"") -> e8 | ... M2: =IF(Лист1!M2>0,M$1,"") -> e12 | O2: =_xlfn.TEXTJOIN(", ",1,B2:M2) -> e3, e4, e6, e7, e8, e9, e11, e12
A3: =Лист1!A3 -> e2 | B3: =IF(Лист1!B3>0,B$1,"") | C3: =IF(Лист1!C3>0,C$1,"") | D3: =IF(Лист1!D3>0,D$1,"") -> e3 | E3: =IF(Лист1!E3>0,E$1,"") | F3: =IF(Лист1!F3>0,F$1,"") | G3: =IF(Лист1!G3>0,G$1,"") | H3: =IF(Лист1!H3>0,H$1,"") -> e7 | I3: =IF(Лист1!I3>0,I$1,"") -> e8 | ... M3: =IF(Лист1!M3>0,M$1,"") | O3: =_xlfn.TEXTJOIN(", ",1,B3:M3) -> e3, e7, e8, e9, e10
A4: =Лист1!A4 -> e3 | B4: =IF(Лист1!B4>0,B$1,"") -> e1 | C4: =IF(Лист1!C4>0,C$1,"") -> e2 | D4: =IF(Лист1!D4>0,D$1,"") | E4: =IF(Лист1!E4>0,E$1,"") -> e4 | F4: =IF(Лист1!F4>0,F$1,"") -> e5 | G4: =IF(Лист1!G4>0,G$1,"") -> e6 | H4: =IF(Лист1!H4>0,H$1,"") | I4: =IF(Лист1!I4>0,I$1,"") -> e8 | ... M4: =IF(Лист1!M4>0,M$1,"") -> e12 | O4: =_xlfn.TEXTJOIN(", ",1,B4:M4) -> e1, e2, e4, e5, e6, e8, e9, e11, e12
A5: =Лист1!A5 -> e4 | B5: =IF(Лист1!B5>0,B$1,"") -> e1 | C5: =IF(Лист1!C5>0,C$1,"") | D5: =IF(Лист1!D5>0,D$1,"") -> e3 | E5: =IF(Лист1!E5>0,E$1,"") | F5: =IF(Лист1!F5>0,F$1,"") -> e5 | G5: =IF(Лист1!G5>0,G$1,"") | H5: =IF(Лист1!H5>0,H$1,"") | I5: =IF(Лист1!I5>0,I$1,"") -> e8 | ... M5: =IF(Лист1!M5>0,M$1,"") | O5: =_xlfn.TEXTJOIN(", ",1,B5:M5) -> e1, e3, e5, e8, e9
A6: =Лист1!A6 -> e5 | B6: =IF(Лист1!B6>0,B$1,"") | C6: =IF(Лист1!C6>0,C$1,"") | D6: =IF(Лист1!D6>0,D$1,"") -> e3 | E6: =IF(Лист1!E6>0,E$1,"") -> e4 | F6: =IF(Лист1!F6>0,F$1,"") | G6: =IF(Лист1!G6>0,G$1,"") | H6: =IF(Лист1!H6>0,H$1,"") -> e7 | I6: =IF(Лист1!I6>0,I$1,"") | ... M6: =IF(Лист1!M6>0,M$1,"") | O6: =_xlfn.TEXTJOIN(", ",1,B6:M6) -> e3, e4, e7, e10
A7: =Лист1!A7 -> e6 | B7: =IF(Лист1!B7>0,B$1,"") -> e1 | C7: =IF(Лист1!C7>0,C$1,"") | D7: =IF(Лист1!D7>0,D$1,"") -> e3 | E7: =IF(Лист1!E7>0,E$1,"") | F7: =IF(Лист1!F7>0,F$1,"") | G7: =IF(Лист1!G7>0,G$1,"") | H7: =IF(Лист1!H7>0,H$1,"") -> e7 | I7: =IF(Лист1!I7>0,I$1,"") -> e8 | ... M7: =IF(Лист1!M7>0,M$1,"") | O7: =_xlfn.TEXTJOIN(", ",1,B7:M7) -> e1, e3, e7, e8
A8: =Лист1!A8 -> e7 | B8: =IF(Лист1!B8>0,B$1,"") -> e1 | C8: =IF(Лист1!C8>0,C$1,"") -> e2 | D8: =IF(Лист1!D8>0,D$1,"") | E8: =IF(Лист1!E8>0,E$1,"") | F8: =IF(Лист1!F8>0,F$1,"") -> e5 | G8: =IF(Лист1!G8>0,G$1,"") -> e6 | H8: =IF(Лист1!H8>0,H$1,"") | I8: =IF(Лист1!I8>0,I$1,"") -> e8 | ... M8: =IF(Лист1!M8>0,M$1,"") -> e12 | O8: =_xlfn.TEXTJOIN(", ",1,B8:M8) -> e1, e2, e5, e6, e8, e12
A9: =Лист1!A9 -> e8 | B9: =IF(Лист1!B9>0,B$1,"") -> e1 | C9: =IF(Лист1!C9>0,C$1,"") -> e2 | D9: =IF(Лист1!D9>0,D$1,"") -> e3 | E9: =IF(Лист1!E9>0,E$1,"") -> e4 | F9: =IF(Лист1!F9>0,F$1,"") | G9: =IF(Лист1!G9>0,G$1,"") -> e6 | H9: =IF(Лист1!H9>0,H$1,"") -> e7 | I9: =IF(Лист1!I9>0,I$1,"") | ... M9: =IF(Лист1!M9>0,M$1,"") -> e12 | O9: =_xlfn.TEXTJOIN(", ",1,B9:M9) -> e1, e2, e3, e4, e6, e7, e10, e12
A10: =Лист1!A10 -> e9 | B10: =IF(Лист1!B10>0,B$1,"") -> e1 | C10: =IF(Лист1!C10>0,C$1,"") -> e2 | D10: =IF(Лист1!D10>0,D$1,"") -> e3 | E10: =IF(Лист1!E10>0,E$1,"") -> e4 | F10: =IF(Лист1!F10>0,F$1,"") | G10: =IF(Лист1!G10>0,G$1,"") | H10: =IF(Лист1!H10>0,H$1,"") | I10: =IF(Лист1!I10>0,I$1,"") | ... M10: =IF(Лист1!M10>0,M$1,"") | O10: =_xlfn.TEXTJOIN(", ",1,B10:M10) -> e1, e2, e3, e4, e11
A11: =Лист1!A11 -> e10 | B11: =IF(Лист1!B11>0,B$1,"") | C11: =IF(Лист1!C11>0,C$1,"") -> e2 | D11: =IF(Лист1!D11>0,D$1,"") | E11: =IF(Лист1!E11>0,E$1,"") | F11: =IF(Лист1!F11>0,F$1,"") -> e5 | G11: =IF(Лист1!G11>0,G$1,"") | H11: =IF(Лист1!H11>0,H$1,"") | I11: =IF(Лист1!I11>0,I$1,"") -> e8 | ... M11: =IF(Лист1!M11>0,M$1,"") | O11: =_xlfn.TEXTJOIN(", ",1,B11:M11) -> e2, e5, e8, e11
A12: =Лист1!A12 -> e11 | B12: =IF(Лист1!B12>0,B$1,"") -> e1 | C12: =IF(Лист1!C12>0,C$1,"") | D12: =IF(Лист1!D12>0,D$1,"") -> e3 | E12: =IF(Лист1!E12>0,E$1,"") | F12: =IF(Лист1!F12>0,F$1,"") | G12: =IF(Лист1!G12>0,G$1,"") | H12: =IF(Лист1!H12>0,H$1,"") | I12: =IF(Лист1!I12>0,I$1,"") | ... M12: =IF(Лист1!M12>0,M$1,"") -> e12 | O12: =_xlfn.TEXTJOIN(", ",1,B12:M12) -> e1, e3, e9, e10, e12
A13: =Лист1!A13 -> e12 | B13: =IF(Лист1!B13>0,B$1,"") -> e1 | C13: =IF(Лист1!C13>0,C$1,"") | D13: =IF(Лист1!D13>0,D$1,"") -> e3 | E13: =IF(Лист1!E13>0,E$1,"") | F13: =IF(Лист1!F13>0,F$1,"") | G13: =IF(Лист1!G13>0,G$1,"") | H13: =IF(Лист1!H13>0,H$1,"") -> e7 | I13: =IF(Лист1!I13>0,I$1,"") -> e8 | ... M13: =IF(Лист1!M13>0,M$1,"") | O13: =_xlfn.TEXTJOIN(", ",1,B13:M13) -> e1, e3, e7, e8, e11

Sheet Лист2
B1: =Лист1!B1 -> e1 | C1: =Лист1!C1 -> e2 | D1: =Лист1!D1 -> e3 | E1: =Лист1!E1 -> e4 | F1: =Лист1!F1 -> e5 | G1: =Лист1!G1 -> e6 | H1: =Лист1!H1 -> e7 | I1: =Лист1!I1 -> e8 | ... M1: =Лист1!M1 -> e12 | O1: ri
A2: =Лист1!A2 -> e1 | B2: 0 | C2: =IF(Лист1!C2>0,1,"") | D2: =IF(Лист1!D2>0,1,"") -> 1 | E2: =IF(Лист1!E2>0,1,"") -> 1 | F2: =IF(Лист1!F2>0,1,"") | G2: =IF(Лист1!G2>0,1,"") -> 1 | H2: =IF(Лист1!H2>0,1,"") -> 1 | I2: =IF(Лист1!I2>0,1,"") -> 1 | J2: =IF(Лист1!J2>0,1,"") -> 1 | ... M2: =IF(Лист1!M2>0,1,"") -> 1 | O2: =SUM(B2:M2) -> 8 | Q2: x3 | R2: x1 | S2: x8 | T2: x7 | U2: x2 | V2: x4 | W2: x9 | X2: x11 | Y2: x12 | Z2: x5 | AA2: x6 | AB2: x10
A3: =Лист1!A3 -> e2 | B3: =IF(Лист1!B3>0,1,"") | C3: 0 | D3: =IF(Лист1!D3>0,1,"") -> 1 | E3: =IF(Лист1!E3>0,1,"") | F3: =IF(Лист1!F3>0,1,"") | G3: =IF(Лист1!G3>0,1,"") | H3: =IF(Лист1!H3>0,1,"") -> 1 | I3: =IF(Лист1!I3>0,1,"") -> 1 | J3: =IF(Лист1!J3>0,1,"") -> 1 | K3: =IF(Лист1!K3>0,1,"") -> 1 | ... M3: =IF(Лист1!M3>0,1,"") | O3: =SUM(B3:M3) -> 5 | Q3: 9 | R3: 8 | S3: 8 | T3: 6 | U3: 5 | V3: 5 | W3: 5 | X3: 5 | Y3: 5 | Z3: 4 | AA3: 4 | AB3: 4
A4: =Лист1!A4 -> e3 | B4: =IF(Лист1!B4>0,1,"") -> 1 | C4: =IF(Лист1!C4>0,1,"") -> 1 | D4: 0 | E4: =IF(Лист1!E4>0,1,"") -> 1 | F4: =IF(Лист1!F4>0,1,"") -> 1 | G4: =IF(Лист1!G4>0,1,"") -> 1 | H4: =IF(Лист1!H4>0,1,"") | I4: =IF(Лист1!I4>0,1,"") -> 1 | J4: =IF(Лист1!J4>0,1,"") -> 1 | K4: =IF(Лист1!K4>0,1,"") | L4: =IF(Лист1!L4>0,1,"") -> 1 | M4: =IF(Лист1!M4>0,1,"") -> 1 | O4: =SUM(B4:M4) -> 9
A5: =Лист1!A5 -> e4 | B5: =IF(Лист1!B5>0,1,"") -> 1 | C5: =IF(Лист1!C5>0,1,"") | D5: =IF(Лист1!D5>0,1,"") -> 1 | E5: 0 | F5: =IF(Лист1!F5>0,1,"") -> 1 | G5: =IF(Лист1!G5>0,1,"") | H5: =IF(Лист1!H5>0,1,"") | I5: =IF(Лист1!I5>0,1,"") -> 1 | J5: =IF(Лист1!J5>0,1,"") -> 1 | K5: =IF(Лист1!K5>0,1,"") | L5: =IF(Лист1!L5>0,1,"") | M5: =IF(Лист1!M5>0,1,"") | O5: =SUM(B5:M5) -> 5
A6: =Лист1!A6 -> e5 | B6: =IF(Лист1!B6>0,1,"") | C6: =IF(Лист1!C6>0,1,"") | D6: =IF(Лист1!D6>0,1,"") -> 1 | E6: =IF(Лист1!E6>0,1,"") -> 1 | F6: 0 | G6: =IF(Лист1!G6>0,1,"") | H6: =IF(Лист1!H6>0,1,"") -> 1 | I6: =IF(Лист1!I6>0,1,"") | J6: =IF(Лист1!J6>0,1,"") | K6: =IF(Лист1!K6>0,1,"") -> 1 | L6: =IF(Лист1!L6>0,1,"") | M6: =IF(Лист1!M6>0,1,"") | O6: =SUM(B6:M6) -> 4
A7: =Лист1!A7 -> e6 | B7: =IF(Лист1!B7>0,1,"") -> 1 | C7: =IF(Лист1!C7>0,1,"") | D7: =IF(Лист1!D7>0,1,"") -> 1 | E7: =IF(Лист1!E7>0,1,"") | F7: =IF(Лист1!F7>0,1,"") | G7: 0 | H7: =IF(Лист1!H7>0,1,"") -> 1 | I7: =IF(Лист1!I7>0,1,"") -> 1 | J7: =IF(Лист1!J7>0,1,"") | K7: =IF(Лист1!K7>0,1,"") | L7: =IF(Лист1!L7>0,1,"") | M7: =IF(Лист1!M7>0,1,"") | O7: =SUM(B7:M7) -> 4
A8: =Лист1!A8 -> e7 | B8: =IF(Лист1!B8>0,1,"") -> 1 | C8: =IF(Лист1!C8>0,1,"") -> 1 | D8: =IF(Лист1!D8>0,1,"") | E8: =IF(Лист1!E8>0,1,"") | F8: =IF(Лист1!F8>0,1,"") -> 1 | G8: =IF(Лист1!G8>0,1,"") -> 1 | H8: 0 | I8: =IF(Лист1!I8>0,1,"") -> 1 | J8: =IF(Лист1!J8>0,1,"") | K8: =IF(Лист1!K8>0,1,"") | L8: =IF(Лист1!L8>0,1,"") | M8: =IF(Лист1!M8>0,1,"") -> 1 | O8: =SUM(B8:M8) -> 6
A9: =Лист1!A9 -> e8 | B9: =IF(Лист1!B9>0,1,"") -> 1 | C9: =IF(Лист1!C9>0,1,"") -> 1 | D9: =IF(Лист1!D9>0,1,"") -> 1 | E9: =IF(Лист1!E9>0,1,"") -> 1 | F9: =IF(Лист1!F9>0,1,"") | G9: =IF(Лист1!G9>0,1,"") -> 1 | H9: =IF(Лист1!H9>0,1,"") -> 1 | I9: 0 | J9: =IF(Лист1!J9>0,1,"") | K9: =IF(Лист1!K9>0,1,"") -> 1 | L9: =IF(Лист1!L9>0,1,"") | M9: =IF(Лист1!M9>0,1,"") -> 1 | O9: =SUM(B9:M9) -> 8
A10: =Лист1!A10 -> e9 | B10: =IF(Лист1!B10>0,1,"") -> 1 | C10: =IF(Лист1!C10>0,1,"") -> 1 | D10: =IF(Лист1!D10>0,1,"") -> 1 | E10: =IF(Лист1!E10>0,1,"") -> 1 | F10: =IF(Лист1!F10>0,1,"") | G10: =IF(Лист1!G10>0,1,"") | H10: =IF(Лист1!H10>0,1,"") | I10: =IF(Лист1!I10>0,1,"") | J10: 0 | K10: =IF(Лист1!K10>0,1,"") | L10: =IF(Лист1!L10>0,1,"") -> 1 | M10: =IF(Лист1!M10>0,1,"") | O10: =SUM(B10:M10) -> 5
A11: =Лист1!A11 -> e10 | B11: =IF(Лист1!B11>0,1,"") | C11: =IF(Лист1!C11>0,1,"") -> 1 | D11: =IF(Лист1!D11>0,1,"") | E11: =IF(Лист1!E11>0,1,"") | F11: =IF(Лист1!F11>0,1,"") -> 1 | G11: =IF(Лист1!G11>0,1,"") | H11: =IF(Лист1!H11>0,1,"") | I11: =IF(Лист1!I11>0,1,"") -> 1 | J11: =IF(Лист1!J11>0,1,"") | K11: 0 | L11: =IF(Лист1!L11>0,1,"") -> 1 | M11: =IF(Лист1!M11>0,1,"") | O11: =SUM(B11:M11) -> 4
A12: =Лист1!A12 -> e11 | B12: =IF(Лист1!B12>0,1,"") -> 1 | C12: =IF(Лист1!C12>0,1,"") | D12: =IF(Лист1!D12>0,1,"") -> 1 | E12: =IF(Лист1!E12>0,1,"") | F12: =IF(Лист1!F12>0,1,"") | G12: =IF(Лист1!G12>0,1,"") | H12: =IF(Лист1!H12>0,1,"") | I12: =IF(Лист1!I12>0,1,"") | ... K12: =IF(Лист1!K12>0,1,"") -> 1 | L12: 0 | M12: =IF(Лист1!M12>0,1,"") -> 1 | O12: =SUM(B12:M12) -> 5
A13: =Лист1!A13 -> e12 | B13: =IF(Лист1!B13>0,1,"") -> 1 | C13: =IF(Лист1!C13>0,1,"") | D13: =IF(Лист1!D13>0,1,"") -> 1 | E13: =IF(Лист1!E13>0,1,"") | F13: =IF(Лист1!F13>0,1,"") | G13: =IF(Лист1!G13>0,1,"") | H13: =IF(Лист1!H13>0,1,"") -> 1 | I13: =IF(Лист1!I13>0,1,"") -> 1 | ... L13: =IF(Лист1!L13>0,1,"") -> 1 | M13: 0 | O13: =SUM(B13:M13) -> 5
B16: x1 | C16: x2 | D16: x4 | E16: x5 | F16: x6 | G16: x8 | H16: x9 | I16: x11 | J16: x12 | Q16: x1 | R16: x8 | S16: x4 | T16: x9 | U16: x11 | V16: x12 | W16: x2 | X16: x6 | Y16: x5
A17: x1 | B17: 0 | D17: 1 | F17: 1 | G17: 1 | H17: 1 | I17: 1 | J17: 1 | N17: x1 | O17: =SUM(B17:J17) -> 6 | Q17: 6 | R17: 5 | S17: 4 | T17: 4 | U17: 3 | V17: 3 | W17: 2 | X17: 2 | Y17: 1
A18: x2 | C18: 0 | G18: 1 | H18: 1 | N18: x2 | O18: =SUM(B18:J18) -> 2
A19: x4 | B19: 1 | D19: 0 | E19: 1 | G19: 1 | H19: 1 | N19: x4 | O19: =SUM(B19:J19) -> 4
A20: x5 | D20: 1 | E20: 0 | N20: x5 | O20: =SUM(B20:J20) -> 1
A21: x6 | B21: 1 | F21: 0 | G21: 1 | N21: x6 | O21: =SUM(B21:J21) -> 2
A22: x8 | B22: 1 | C22: 1 | D22: 1 | F22: 1 | G22: 0 | J22: 1 | N22: x8 | O22: =SUM(B22:J22) -> 5
A23: x9 | B23: 1 | C23: 1 | D23: 1 | H23: 0 | I23: 1 | N23: x9 | O23: =SUM(B23:J23) -> 4
A24: x11 | B24: 1 | H24: 1 | I24: 0 | J24: 1 | N24: x11 | O24: =SUM(B24:J24) -> 3
A25: x12 | B25: 1 | G25: 1 | I25: 1 | J25: 0 | N25: x12 | O25: =SUM(B25:J25) -> 3
B28: x4 | C28: x6 | D28: x8 | E28: x9 | F28: x11 | G28: x12 | Q28: x8 | R28: x4 | S28: x9 | T28: x11 | U28: x12 | V28: x6
A29: x4 | B29: 0 | D29: 1 | E29: 1 | N29: x4 | O29: =SUM(B29:G29) -> 2 | Q29: 3 | R29: 2 | S29: 2 | T29: 2 | U29: 2 | V29: 1
A30: x6 | C30: 0 | D30: 1 | N30: x6 | O30: =SUM(B30:G30) -> 1
A31: x8 | B31: 1 | C31: 1 | D31: 0 | G31: 1 | N31: x8 | O31: =SUM(B31:G31) -> 3
A32: x9 | B32: 1 | E32: 0 | F32: 1 | N32: x9 | O32: =SUM(B32:G32) -> 2
A33: x11 | E33: 1 | F33: 0 | G33: 1 | N33: x11 | O33: =SUM(B33:G33) -> 2
A34: x12 | D34: 1 | F34: 1 | G34: 0 | N34: x12 | O34: =SUM(B34:G34) -> 2

Sheet Лист3
B1: =Лист1!B1 -> e1 | C1: =Лист1!C1 -> e2 | D1: =Лист1!D1 -> e3 | E1: =Лист1!E1 -> e4 | F1: =Лист1!F1 -> e5 | G1: =Лист1!G1 -> e6 | H1: =Лист1!H1 -> e7 | I1: =Лист1!I1 -> e8 | ... M1: =Лист1!M1 -> e12
A2: =Лист1!A2 -> e1 | B2: 0 | C2: =IF(Лист1!C2>0,1,"") | D2: =IF(Лист1!D2>0,1,"") -> 1 | E2: =IF(Лист1!E2>0,1,"") -> 1 | F2: =IF(Лист1!F2>0,1,"") | G2: =IF(Лист1!G2>0,1,"") -> 1 | H2: =IF(Лист1!H2>0,1,"") -> 1 | I2: =IF(Лист1!I2>0,1,"") -> 1 | J2: =IF(Лист1!J2>0,1,"") -> 1 | ... M2: =IF(Лист1!M2>0,1,"") -> 1 | N2: e1 | O2: =SUM(B2:M2) -> 8 | R2: 9 | T2: =_xlfn.TEXTJOIN(", ",1,R2:R13) -> 9, 8, 8, 6, 5, 5, 5, 5, 5, 4, 4, 4
A3: =Лист1!A3 -> e2 | B3: =IF(Лист1!B3>0,1,"") | C3: 0 | D3: =IF(Лист1!D3>0,1,"") -> 1 | E3: =IF(Лист1!E3>0,1,"") | F3: =IF(Лист1!F3>0,1,"") | G3: =IF(Лист1!G3>0,1,"") | H3: =IF(Лист1!H3>0,1,"") -> 1 | I3: =IF(Лист1!I3>0,1,"") -> 1 | J3: =IF(Лист1!J3>0,1,"") -> 1 | K3: =IF(Лист1!K3>0,1,"") -> 1 | ... M3: =IF(Лист1!M3>0,1,"") | N3: e2 | O3: =SUM(B3:M3) -> 5 | R3: 8
A4: =Лист1!A4 -> e3 | B4: =IF(Лист1!B4>0,1,"") -> 1 | C4: =IF(Лист1!C4>0,1,"") -> 1 | D4: 0 | E4: =IF(Лист1!E4>0,1,"") -> 1 | F4: =IF(Лист1!F4>0,1,"") -> 1 | G4: =IF(Лист1!G4>0,1,"") -> 1 | H4: =IF(Лист1!H4>0,1,"") | I4: =IF(Лист1!I4>0,1,"") -> 1 | J4: =IF(Лист1!J4>0,1,"") -> 1 | K4: =IF(Лист1!K4>0,1,"") | L4: =IF(Лист1!L4>0,1,"") -> 1 | M4: =IF(Лист1!M4>0,1,"") -> 1 | N4: e3 | O4: =SUM(B4:M4) -> 9 | R4: 8
A5: =Лист1!A5 -> e4 | B5: =IF(Лист1!B5>0,1,"") -> 1 | C5: =IF(Лист1!C5>0,1,"") | D5: =IF(Лист1!D5>0,1,"") -> 1 | E5: 0 | F5: =IF(Лист1!F5>0,1,"") -> 1 | G5: =IF(Лист1!G5>0,1,"") | H5: =IF(Лист1!H5>0,1,"") | I5: =IF(Лист1!I5>0,1,"") -> 1 | J5: =IF(Лист1!J5>0,1,"") -> 1 | K5: =IF(Лист1!K5>0,1,"") | L5: =IF(Лист1!L5>0,1,"") | M5: =IF(Лист1!M5>0,1,"") | N5: e4 | O5: =SUM(B5:M5) -> 5 | R5: 6
A6: =Лист1!A6 -> e5 | B6: =IF(Лист1!B6>0,1,"") | C6: =IF(Лист1!C6>0,1,"") | D6: =IF(Лист1!D6>0,1,"") -> 1 | E6: =IF(Лист1!E6>0,1,"") -> 1 | F6: 0 | G6: =IF(Лист1!G6>0,1,"") | H6: =IF(Лист1!H6>0,1,"") -> 1 | I6: =IF(Лист1!I6>0,1,"") | J6: =IF(Лист1!J6>0,1,"") | K6: =IF(Лист1!K6>0,1,"") -> 1 | L6: =IF(Лист1!L6>0,1,"") | M6: =IF(Лист1!M6>0,1,"") | N6: e5 | O6: =SUM(B6:M6) -> 4 | R6: 5
A7: =Лист1!A7 -> e6 | B7: =IF(Лист1!B7>0,1,"") -> 1 | C7: =IF(Лист1!C7>0,1,"") | D7: =IF(Лист1!D7>0,1,"") -> 1 | E7: =IF(Лист1!E7>0,1,"") | F7: =IF(Лист1!F7>0,1,"") | G7: 0 | H7: =IF(Лист1!H7>0,1,"") -> 1 | I7: =IF(Лист1!I7>0,1,"") -> 1 | J7: =IF(Лист1!J7>0,1,"") | K7: =IF(Лист1!K7>0,1,"") | L7: =IF(Лист1!L7>0,1,"") | M7: =IF(Лист1!M7>0,1,"") | N7: e6 | O7: =SUM(B7:M7) -> 4 | R7: 5
A8: =Лист1!A8 -> e7 | B8: =IF(Лист1!B8>0,1,"") -> 1 | C8: =IF(Лист1!C8>0,1,"") -> 1 | D8: =IF(Лист1!D8>0,1,"") | E8: =IF(Лист1!E8>0,1,"") | F8: =IF(Лист1!F8>0,1,"") -> 1 | G8: =IF(Лист1!G8>0,1,"") -> 1 | H8: 0 | I8: =IF(Лист1!I8>0,1,"") -> 1 | J8: =IF(Лист1!J8>0,1,"") | K8: =IF(Лист1!K8>0,1,"") | L8: =IF(Лист1!L8>0,1,"") | M8: =IF(Лист1!M8>0,1,"") -> 1 | N8: e7 | O8: =SUM(B8:M8) -> 6 | R8: 5
A9: =Лист1!A9 -> e8 | B9: =IF(Лист1!B9>0,1,"") -> 1 | C9: =IF(Лист1!C9>0,1,"") -> 1 | D9: =IF(Лист1!D9>0,1,"") -> 1 | E9: =IF(Лист1!E9>0,1,"") -> 1 | F9: =IF(Лист1!F9>0,1,"") | G9: =IF(Лист1!G9>0,1,"") -> 1 | H9: =IF(Лист1!H9>0,1,"") -> 1 | I9: 0 | J9: =IF(Лист1!J9>0,1,"") | K9: =IF(Лист1!K9>0,1,"") -> 1 | L9: =IF(Лист1!L9>0,1,"") | M9: =IF(Лист1!M9>0,1,"") -> 1 | N9: e8 | O9: =SUM(B9:M9) -> 8 | R9: 5
A10: =Лист1!A10 -> e9 | B10: =IF(Лист1!B10>0,1,"") -> 1 | C10: =IF(Лист1!C10>0,1,"") -> 1 | D10: =IF(Лист1!D10>0,1,"") -> 1 | E10: =IF(Лист1!E10>0,1,"") -> 1 | F10: =IF(Лист1!F10>0,1,"") | G10: =IF(Лист1!G10>0,1,"") | H10: =IF(Лист1!H10>0,1,"") | I10: =IF(Лист1!I10>0,1,"") | J10: 0 | K10: =IF(Лист1!K10>0,1,"") | L10: =IF(Лист1!L10>0,1,"") -> 1 | M10: =IF(Лист1!M10>0,1,"") | N10: e9 | O10: =SUM(B10:M10) -> 5 | R10: 5
A11: =Лист1!A11 -> e10 | B11: =IF(Лист1!B11>0,1,"") | C11: =IF(Лист1!C11>0,1,"") -> 1 | D11: =IF(Лист1!D11>0,1,"") | E11: =IF(Лист1!E11>0,1,"") | F11: =IF(Лист1!F11>0,1,"") -> 1 | G11: =IF(Лист1!G11>0,1,"") | H11: =IF(Лист1!H11>0,1,"") | I11: =IF(Лист1!I11>0,1,"") -> 1 | J11: =IF(Лист1!J11>0,1,"") | K11: 0 | L11: =IF(Лист1!L11>0,1,"") -> 1 | M11: =IF(Лист1!M11>0,1,"") | N11: e10 | O11: =SUM(B11:M11) -> 4 | R11: 4
A12: =Лист1!A12 -> e11 | B12: =IF(Лист1!B12>0,1,"") -> 1 | C12: =IF(Лист1!C12>0,1,"") | D12: =IF(Лист1!D12>0,1,"") -> 1 | E12: =IF(Лист1!E12>0,1,"") | F12: =IF(Лист1!F12>0,1,"") | G12: =IF(Лист1!G12>0,1,"") | H12: =IF(Лист1!H12>0,1,"") | I12: =IF(Лист1!I12>0,1,"") | ... K12: =IF(Лист1!K12>0,1,"") -> 1 | L12: 0 | M12: =IF(Лист1!M12>0,1,"") -> 1 | N12: e11 | O12: =SUM(B12:M12) -> 5 | R12: 4
A13: =Лист1!A13 -> e12 | B13: =IF(Лист1!B13>0,1,"") -> 1 | C13: =IF(Лист1!C13>0,1,"") | D13: =IF(Лист1!D13>0,1,"") -> 1 | E13: =IF(Лист1!E13>0,1,"") | F13: =IF(Лист1!F13>0,1,"") | G13: =IF(Лист1!G13>0,1,"") | H13: =IF(Лист1!H13>0,1,"") -> 1 | I13: =IF(Лист1!I13>0,1,"") -> 1 | ... L13: =IF(Лист1!L13>0,1,"") -> 1 | M13: 0 | N13: e12 | O13: =SUM(B13:M13) -> 5 | Q13: =SUM(O2:O13) -> 68 | R13: 4
B14: e1 | C14: e2 | D14: e3 | E14: e4 | F14: e5 | G14: e6 | H14: e7 | I14: e8 | J14: e9 | K14: e10 | L14: e11 | M14: e12
B15: e9 | C15: e10 | D15: e11 | E15: e12 | F15: e7 | G15: e8 | H15: e5 | I15: e6 | J15: e1 | K15: e2 | L15: e3 | M15: e4
B16: e1 | C16: e2 | D16: e3 | E16: e4 | F16: e5 | G16: e6 | H16: e7 | I16: e8 | J16: e9 | K16: e10 | L16: e11 | M16: e12
A17: e1 | B17: 0 | D17: 1 | J17: 1 | K17: 1 | L17: 1 | M17: 1 | N17: e1 | O17: =SUM(B17:M17) -> 5 | Q17: =SUM(O17:O28) -> 68 | R17: 9 | T17: =_xlfn.TEXTJOIN(", ",1,R17:R28) -> 9, 8, 8, 6, 5, 5, 5, 5, 5, 4, 4, 4
A18: e2 | C18: 0 | D18: 1 | G18: 1 | H18: 1 | K18: 1 | N18: e2 | O18: =SUM(B18:M18) -> 4 | R18: 8
A19: e3 | B19: 1 | C19: 1 | D19: 0 | E19: 1 | J19: 1 | L19: 1 | N19: e3 | O19: =SUM(B19:M19) -> 5 | R19: 8
A20: e4 | D20: 1 | E20: 0 | F20: 1 | G20: 1 | J20: 1 | L20: 1 | N20: e4 | O20: =SUM(B20:M20) -> 5 | R20: 6
A21: e5 | E21: 1 | F21: 0 | G21: 1 | H21: 1 | I21: 1 | J21: 1 | K21: 1 | N21: e5 | O21: =SUM(B21:M21) -> 6 | R21: 5
A22: e6 | C22: 1 | E22: 1 | F22: 1 | G22: 0 | I22: 1 | J22: 1 | K22: 1 | L22: 1 | M22: 1 | N22: e6 | O22: =SUM(B22:M22) -> 8 | R22: 5
A23: e7 | C23: 1 | F23: 1 | H23: 0 | L23: 1 | M23: 1 | N23: e7 | O23: =SUM(B23:M23) -> 4 | R23: 5
A24: e8 | F24: 1 | G24: 1 | I24: 0 | J24: 1 | L24: 1 | N24: e8 | O24: =SUM(B24:M24) -> 4 | R24: 5
A25: e9 | B25: 1 | D25: 1 | E25: 1 | F25: 1 | G25: 1 | I25: 1 | J25: 0 | L25: 1 | M25: 1 | N25: e9 | O25: =SUM(B25:M25) -> 8 | R25: 5
A26: e10 | B26: 1 | C26: 1 | F26: 1 | G26: 1 | K26: 0 | L26: 1 | N26: e10 | O26: =SUM(B26:M26) -> 5 | R26: 4
A27: e11 | B27: 1 | D27: 1 | E27: 1 | G27: 1 | H27: 1 | I27: 1 | J27: 1 | K27: 1 | L27: 0 | M27: 1 | N27: e11 | O27: =SUM(B27:M27) -> 9 | R27: 4
A28: e12 | B28: 1 | G28: 1 | H28: 1 | J28: 1 | L28: 1 | M28: 0 | N28: e12 | O28: =SUM(B28:M28) -> 5 | R28: 4
B29: e1 | C29: e2 | D29: e3 | E29: e4 | F29: e5 | G29: e6 | H29: e7 | I29: e8 | J29: e9 | K29: e10 | L29: e11 | M29: e12
B31: =SUM(B17:B28) -> 5 | C31: =SUM(C17:C28) -> 4 | D31: =SUM(D17:D28) -> 5 | E31: =SUM(E17:E28) -> 5 | F31: =SUM(F17:F28) -> 6 | G31: =SUM(G17:G28) -> 8 | H31: =SUM(H17:H28) -> 4 | I31: =SUM(I17:I28) -> 4 | ... M31: =SUM(M17:M28) -> 5

Sheet резерв
B1: e1 | C1: e2 | D1: e3 | E1: e4 | F1: e5 | G1: e6 | H1: e7 | I1: e8 | J1: e9 | K1: e10 | L1: e11 | M1: e12
A2: e1 | B2: 0 | D2: 2 | E2: 3 | G2: 3 | H2: 4 | I2: 1 | J2: 5 | L2: 1 | M2: 4
A3: e2 | C3: 0 | D3: 5 | H3: 2 | I3: 2 | J3: 5 | K3: 1
A4: e3 | B4: 2 | C4: 5 | D4: 0 | E4: 1 | F4: 5 | G4: 3 | I4: 2 | J4: 1 | L4: 4 | M4: 4
A5: e4 | B5: 3 | D5: 1 | E5: 0 | F5: 4 | I5: 1 | J5: 2
A6: e5 | D6: 5 | E6: 4 | F6: 0 | H6: 5 | K6: 4
A7: e6 | B7: 3 | D7: 3 | G7: 0 | H7: 2 | I7: 2
A8: e7 | B8: 4 | C8: 2 | F8: 5 | G8: 2 | H8: 0 | I8: 2 | M8: 2
A9: e8 | B9: 1 | C9: 2 | D9: 2 | E9: 1 | G9: 2 | H9: 2 | I9: 0 | K9: 1 | M9: 3
A10: e9 | B10: 5 | C10: 5 | D10: 1 | E10: 2 | J10: 0 | L10: 4
A11: e10 | C11: 1 | F11: 4 | I11: 1 | K11: 0 | L11: 3
A12: e11 | B12: 1 | D12: 4 | J12: 4 | K12: 3 | L12: 0 | M12: 4
A13: e12 | B13: 4 | D13: 4 | H13: 2 | I13: 3 | L13: 4 | M13: 0

Sheet Лист6
B1: =Лист1!B1 -> e1 | C1: =Лист1!C1 -> e2 | D1: =Лист1!D1 -> e3 | E1: =Лист1!E1 -> e4 | F1: =Лист1!F1 -> e5 | G1: =Лист1!G1 -> e6 | H1: =Лист1!H1 -> e7 | I1: =Лист1!I1 -> e8 | ... M1: =Лист1!M1 -> e12
A2: =Лист1!A2 -> e1 | B2: =IF(Лист1!B2>0,Лист1!B2,0) -> 0 | C2: =IF(Лист1!C2>0,Лист1!C2,0) -> 0 | D2: =IF(Лист1!D2>0,Лист1!D2,0) -> 2 | E2: =IF(Лист1!E2>0,Лист1!E2,0) -> 3 | F2: =IF(Лист1!F2>0,Лист1!F2,0) -> 0 | G2: =IF(Лист1!G2>0,Лист1!G2,0) -> 3 | H2: =IF(Лист1!H2>0,Лист1!H2,0) -> 4 | I2: =IF(Лист1!I2>0,Лист1!I2,0) -> 1 | ... M2: =IF(Лист1!M2>0,Лист1!M2,0) -> 4
A3: =Лист1!A3 -> e2 | B3: =IF(Лист1!B3>0,Лист1!B3,0) -> 0 | C3: =IF(Лист1!C3>0,Лист1!C3,0) -> 0 | D3: =IF(Лист1!D3>0,Лист1!D3,0) -> 5 | E3: =IF(Лист1!E3>0,Лист1!E3,0) -> 0 | F3: =IF(Лист1!F3>0,Лист1!F3,0) -> 0 | G3: =IF(Лист1!G3>0,Лист1!G3,0) -> 0 | H3: =IF(Лист1!H3>0,Лист1!H3,0) -> 2 | I3: =IF(Лист1!I3>0,Лист1!I3,0) -> 2 | ... M3: =IF(Лист1!M3>0,Лист1!M3,0) -> 0
A4: =Лист1!A4 -> e3 | B4: =IF(Лист1!B4>0,Лист1!B4,0) -> 2 | C4: =IF(Лист1!C4>0,Лист1!C4,0) -> 5 | D4: =IF(Лист1!D4>0,Лист1!D4,0) -> 0 | E4: =IF(Лист1!E4>0,Лист1!E4,0) -> 1 | F4: =IF(Лист1!F4>0,Лист1!F4,0) -> 5 | G4: =IF(Лист1!G4>0,Лист1!G4,0) -> 3 | H4: =IF(Лист1!H4>0,Лист1!H4,0) -> 0 | I4: =IF(Лист1!I4>0,Лист1!I4,0) -> 2 | ... M4: =IF(Лист1!M4>0,Лист1!M4,0) -> 4
A5: =Лист1!A5 -> e4 | B5: =IF(Лист1!B5>0,Лист1!B5,0) -> 3 | C5: =IF(Лист1!C5>0,Лист1!C5,0) -> 0 | D5: =IF(Лист1!D5>0,Лист1!D5,0) -> 1 | E5: =IF(Лист1!E5>0,Лист1!E5,0) -> 0 | F5: =IF(Лист1!F5>0,Лист1!F5,0) -> 4 | G5: =IF(Лист1!G5>0,Лист1!G5,0) -> 0 | H5: =IF(Лист1!H5>0,Лист1!H5,0) -> 0 | I5: =IF(Лист1!I5>0,Лист1!I5,0) -> 1 | ... M5: =IF(Лист1!M5>0,Лист1!M5,0) -> 0
A6: =Лист1!A6 -> e5 | B6: =IF(Лист1!B6>0,Лист1!B6,0) -> 0 | C6: =IF(Лист1!C6>0,Лист1!C6,0) -> 0 | D6: =IF(Лист1!D6>0,Лист1!D6,0) -> 5 | E6: =IF(Лист1!E6>0,Лист1!E6,0) -> 4 | F6: =IF(Лист1!F6>0,Лист1!F6,0) -> 0 | G6: =IF(Лист1!G6>0,Лист1!G6,0) -> 0 | H6: =IF(Лист1!H6>0,Лист1!H6,0) -> 5 | I6: =IF(Лист1!I6>0,Лист1!I6,0) -> 0 | ... M6: =IF(Лист1!M6>0,Лист1!M6,0) -> 0
A7: =Лист1!A7 -> e6 | B7: =IF(Лист1!B7>0,Лист1!B7,0) -> 3 | C7: =IF(Лист1!C7>0,Лист1!C7,0) -> 0 | D7: =IF(Лист1!D7>0,Лист1!D7,0) -> 3 | E7: =IF(Лист1!E7>0,Лист1!E7,0) -> 0 | F7: =IF(Лист1!F7>0,Лист1!F7,0) -> 0 | G7: =IF(Лист1!G7>0,Лист1!G7,0) -> 0 | H7: =IF(Лист1!H7>0,Лист1!H7,0) -> 2 | I7: =IF(Лист1!I7>0,Лист1!I7,0) -> 2 | ... M7: =IF(Лист1!M7>0,Лист1!M7,0) -> 0
A8: =Лист1!A8 -> e7 | B8: =IF(Лист1!B8>0,Лист1!B8,0) -> 4 | C8: =IF(Лист1!C8>0,Лист1!C8,0) -> 2 | D8: =IF(Лист1!D8>0,Лист1!D8,0) -> 0 | E8: =IF(Лист1!E8>0,Лист1!E8,0) -> 0 | F8: =IF(Лист1!F8>0,Лист1!F8,0) -> 5 | G8: =IF(Лист1!G8>0,Лист1!G8,0) -> 2 | H8: =IF(Лист1!H8>0,Лист1!H8,0) -> 0 | I8: =IF(Лист1!I8>0,Лист1!I8,0) -> 2 | ... M8: =IF(Лист1!M8>0,Лист1!M8,0) -> 2
A9: =Лист1!A9 -> e8 | B9: =IF(Лист1!B9>0,Лист1!B9,0) -> 1 | C9: =IF(Лист1!C9>0,Лист1!C9,0) -> 2 | D9: =IF(Лист1!D9>0,Лист1!D9,0) -> 2 | E9: =IF(Лист1!E9>0,Лист1!E9,0) -> 1 | F9: =IF(Лист1!F9>0,Лист1!F9,0) -> 0 | G9: =IF(Лист1!G9>0,Лист1!G9,0) -> 2 | H9: =IF(Лист1!H9>0,Лист1!H9,0) -> 2 | I9: =IF(Лист1!I9>0,Лист1!I9,0) -> 0 | ... M9: =IF(Лист1!M9>0,Лист1!M9,0) -> 3
A10: =Лист1!A10 -> e9 | B10: =IF(Лист1!B10>0,Лист1!B10,0) -> 5 | C10: =IF(Лист1!C10>0,Лист1!C10,0) -> 5 | D10: =IF(Лист1!D10>0,Лист1!D10,0) -> 1 | E10: =IF(Лист1!E10>0,Лист1!E10,0) -> 2 | F10: =IF(Лист1!F10>0,Лист1!F10,0) -> 0 | G10: =IF(Лист1!G10>0,Лист1!G10,0) -> 0 | H10: =IF(Лист1!H10>0,Лист1!H10,0) -> 0 | I10: =IF(Лист1!I10>0,Лист1!I10,0) -> 0 | ... M10: =IF(Лист1!M10>0,Лист1!M10,0) -> 0
A11: =Лист1!A11 -> e10 | B11: =IF(Лист1!B11>0,Лист1!B11,0) -> 0 | C11: =IF(Лист1!C11>0,Лист1!C11,0) -> 1 | D11: =IF(Лист1!D11>0,Лист1!D11,0) -> 0 | E11: =IF(Лист1!E11>0,Лист1!E11,0) -> 0 | F11: =IF(Лист1!F11>0,Лист1!F11,0) -> 4 | G11: =IF(Лист1!G11>0,Лист1!G11,0) -> 0 | H11: =IF(Лист1!H11>0,Лист1!H11,0) -> 0 | I11: =IF(Лист1!I11>0,Лист1!I11,0) -> 1 | ... M11: =IF(Лист1!M11>0,Лист1!M11,0) -> 0
A12: =Лист1!A12 -> e11 | B12: =IF(Лист1!B12>0,Лист1!B12,0) -> 1 | C12: =IF(Лист1!C12>0,Лист1!C12,0) -> 0 | D12: =IF(Лист1!D12>0,Лист1!D12,0) -> 4 | E12: =IF(Лист1!E12>0,Лист1!E12,0) -> 0 | F12: =IF(Лист1!F12>0,Лист1!F12,0) -> 0 | G12: =IF(Лист1!G12>0,Лист1!G12,0) -> 0 | H12: =IF(Лист1!H12>0,Лист1!H12,0) -> 0 | I12: =IF(Лист1!I12>0,Лист1!I12,0) -> 0 | ... M12: =IF(Лист1!M12>0,Лист1!M12,0) -> 4
A13: =Лист1!A13 -> e12 | B13: =IF(Лист1!B13>0,Лист1!B13,0) -> 4 | C13: =IF(Лист1!C13>0,Лист1!C13,0) -> 0 | D13: =IF(Лист1!D13>0,Лист1!D13,0) -> 4 | E13: =IF(Лист1!E13>0,Лист1!E13,0) -> 0 | F13: =IF(Лист1!F13>0,Лист1!F13,0) -> 0 | G13: =IF(Лист1!G13>0,Лист1!G13,0) -> 0 | H13: =IF(Лист1!H13>0,Лист1!H13,0) -> 2 | I13: =IF(Лист1!I13>0,Лист1!I13,0) -> 3 | ... M13: =IF(Лист1!M13>0,Лист1!M13,0) -> 0

Sheet Лист5
B1: p1 4 | C1: p2 12 | D1: p1 5 | E1: p1 6 | F1: p1 9 | G1: p1 10 | H1: p1 11 | I1: p2 11 | J1: p2 10 | K1: p2 9 | L1: p2 8 | M1: p2 6 | N1: p2 5 | O1: p3 10 | P1: p3 7
A2: p1 4 | B2: 0 | C2: 1 | I2: 1 | J2: 1 | K2: 1 | L2: 1 | M2: 1 | N2: 1 | O2: 1 | P2: 1 | R2: =SUM(B2:P2) -> 9
A3: p2 12 | B3: 1 | C3: 0 | D3: 1 | E3: 1 | F3: 1 | G3: 1 | H3: 1 | R3: =SUM(B3:P3) -> 6
A4: p1 5 | C4: 1 | D4: 0 | I4: 1 | J4: 1 | K4: 1 | L4: 1 | M4: 1 | O4: 1 | P4: 1 | R4: =SUM(B4:P4) -> 8
A5: p1 6 | C5: 1 | E5: 0 | I5: 1 | J5: 1 | K5: 1 | L5: 1 | O5: 1 | P5: 1 | R5: =SUM(B5:P5) -> 7
A6: p 1 9 | C6: 1 | F6: 0 | I6: 1 | J6: 1 | O6: 1 | R6: =SUM(B6:P6) -> 4
A7: p1 10 | C7: 1 | G7: 0 | I7: 1 | R7: =SUM(B7:P7) -> 2
A8: p1 11 | C8: 1 | H8: 0 | R8: =SUM(B8:P8) -> 1
A9: p2 11 | B9: 1 | D9: 1 | E9: 1 | F9: 1 | G9: 1 | I9: 0 | R9: =SUM(B9:P9) -> 5
A10: p2 10 | B10: 1 | D10: 1 | E10: 1 | F10: 1 | J10: 0 | R10: =SUM(B10:P10) -> 4
A11: p2 9 | B11: 1 | D11: 1 | E11: 1 | K11: 0 | O11: 1 | R11: =SUM(B11:P11) -> 4
A12: p2 8 | B12: 1 | D12: 1 | E12: 1 | L12: 0 | O12: 1 | R12: =SUM(B12:P12) -> 4
A13: p2 6 | B13: 1 | D13: 1 | M13: 0 | O13: 1 | P13: 1 | R13: =SUM(B13:P13) -> 4
A14: p2 5 | B14: 1 | N14: 0 | O14: 1 | P14: 1 | R14: =SUM(B14:P14) -> 3
A15: p3 10 | B15: 1 | D15: 1 | E15: 1 | F15: 1 | K15: 1 | L15: 1 | M15: 1 | N15: 1 | O15: 0 | R15: =SUM(B15:P15) -> 8
A16: p3 7 | B16: 1 | D16: 1 | E16: 1 | M16: 1 | N16: 1 | P16: 0 | R16: =SUM(B16:P16) -> 5
B17: =SUM(B2:B16) -> 9 | C17: =SUM(C2:C16) -> 6 | D17: =SUM(D2:D16) -> 8 | E17: =SUM(E2:E16) -> 7 | F17: =SUM(F2:F16) -> 4 | G17: =SUM(G2:G16) -> 2 | H17: =SUM(H2:H16) -> 1 | I17: =SUM(I2:I16) -> 5 | ... P17: =SUM(P2:P16) -> 5 | T17: =SUM(B17:P17) -> 74 | U17: =SUM(R2:R16) -> 74

Sheet Лист7
B1: =Лист5!B1 -> p1 4 | C1: =Лист5!C1 -> p2 12 | D1: =Лист5!D1 -> p1 5 | E1: =Лист5!E1 -> p1 6 | F1: =Лист5!F1 -> p1 9 | G1: =Лист5!G1 -> p1 10 | H1: =Лист5!H1 -> p1 11 | I1: =Лист5!I1 -> p2 11 | ... P1: =Лист5!P1 -> p3 7
A2: =Лист5!A2 -> p1 4 | B2: =IF(Лист5!B2>0,1,0) -> 0 | C2: =IF(Лист5!C2>0,1,0) -> 1 | D2: =IF(Лист5!D2>0,1,0) -> 0 | E2: =IF(Лист5!E2>0,1,0) -> 0 | F2: =IF(Лист5!F2>0,1,0) -> 0 | G2: =IF(Лист5!G2>0,1,0) -> 0 | H2: =IF(Лист5!H2>0,1,0) -> 0 | I2: =IF(Лист5!I2>0,1,0) -> 1 | ... P2: =IF(Лист5!P2>0,1,0) -> 1
A3: =Лист5!A3 -> p2 12 | B3: =IF(Лист5!B3>0,1,0) -> 1 | C3: =IF(Лист5!C3>0,1,0) -> 0 | D3: =IF(Лист5!D3>0,1,0) -> 1 | E3: =IF(Лист5!E3>0,1,0) -> 1 | F3: =IF(Лист5!F3>0,1,0) -> 1 | G3: =IF(Лист5!G3>0,1,0) -> 1 | H3: =IF(Лист5!H3>0,1,0) -> 1 | I3: =IF(Лист5!I3>0,1,0) -> 0 | ... P3: =IF(Лист5!P3>0,1,0) -> 0
A4: =Лист5!A4 -> p1 5 | B4: =IF(Лист5!B4>0,1,0) -> 0 | C4: =IF(Лист5!C4>0,1,0) -> 1 | D4: =IF(Лист5!D4>0,1,0) -> 0 | E4: =IF(Лист5!E4>0,1,0) -> 0 | F4: =IF(Лист5!F4>0,1,0) -> 0 | G4: =IF(Лист5!G4>0,1,0) -> 0 | H4: =IF(Лист5!H4>0,1,0) -> 0 | I4: =IF(Лист5!I4>0,1,0) -> 1 | ... P4: =IF(Лист5!P4>0,1,0) -> 1
A5: =Лист5!A5 -> p1 6 | B5: =IF(Лист5!B5>0,1,0) -> 0 | C5: =IF(Лист5!C5>0,1,0) -> 1 | D5: =IF(Лист5!D5>0,1,0) -> 0 | E5: =IF(Лист5!E5>0,1,0) -> 0 | F5: =IF(Лист5!F5>0,1,0) -> 0 | G5: =IF(Лист5!G5>0,1,0) -> 0 | H5: =IF(Лист5!H5>0,1,0) -> 0 | I5: =IF(Лист5!I5>0,1,0) -> 1 | ... P5: =IF(Лист5!P5>0,1,0) -> 1
A6: =Лист5!A6 -> p 1 9 | B6: =IF(Лист5!B6>0,1,0) -> 0 | C6: =IF(Лист5!C6>0,1,0) -> 1 | D6: =IF(Лист5!D6>0,1,0) -> 0 | E6: =IF(Лист5!E6>0,1,0) -> 0 | F6: =IF(Лист5!F6>0,1,0) -> 0 | G6: =IF(Лист5!G6>0,1,0) -> 0 | H6: =IF(Лист5!H6>0,1,0) -> 0 | I6: =IF(Лист5!I6>0,1,0) -> 1 | ... P6: =IF(Лист5!P6>0,1,0) -> 0
A7: =Лист5!A7 -> p1 10 | B7: =IF(Лист5!B7>0,1,0) -> 0 | C7: =IF(Лист5!C7>0,1,0) -> 1 | D7: =IF(Лист5!D7>0,1,0) -> 0 | E7: =IF(Лист5!E7>0,1,0) -> 0 | F7: =IF(Лист5!F7>0,1,0) -> 0 | G7: =IF(Лист5!G7>0,1,0) -> 0 | H7: =IF(Лист5!H7>0,1,0) -> 0 | I7: =IF(Лист5!I7>0,1,0) -> 1 | ... P7: =IF(Лист5!P7>0,1,0) -> 0
A8: =Лист5!A8 -> p1 11 | B8: =IF(Лист5!B8>0,1,0) -> 0 | C8: =IF(Лист5!C8>0,1,0) -> 1 | D8: =IF(Лист5!D8>0,1,0) -> 0 | E8: =IF(Лист5!E8>0,1,0) -> 0 | F8: =IF(Лист5!F8>0,1,0) -> 0 | G8: =IF(Лист5!G8>0,1,0) -> 0 | H8: =IF(Лист5!H8>0,1,0) -> 0 | I8: =IF(Лист5!I8>0,1,0) -> 0 | ... P8: =IF(Лист5!P8>0,1,0) -> 0
A9: =Лист5!A9 -> p2 11 | B9: =IF(Лист5!B9>0,1,0) -> 1 | C9: =IF(Лист5!C9>0,1,0) -> 0 | D9: =IF(Лист5!D9>0,1,0) -> 1 | E9: =IF(Лист5!E9>0,1,0) -> 1 | F9: =IF(Лист5!F9>0,1,0) -> 1 | G9: =IF(Лист5!G9>0,1,0) -> 1 | H9: =IF(Лист5!H9>0,1,0) -> 0 | I9: =IF(Лист5!I9>0,1,0) -> 0 | ... P9: =IF(Лист5!P9>0,1,0) -> 0
A10: =Лист5!A10 -> p2 10 | B10: =IF(Лист5!B10>0,1,0) -> 1 | C10: =IF(Лист5!C10>0,1,0) -> 0 | D10: =IF(Лист5!D10>0,1,0) -> 1 | E10: =IF(Лист5!E10>0,1,0) -> 1 | F10: =IF(Лист5!F10>0,1,0) -> 1 | G10: =IF(Лист5!G10>0,1,0) -> 0 | H10: =IF(Лист5!H10>0,1,0) -> 0 | I10: =IF(Лист5!I10>0,1,0) -> 0 | ... P10: =IF(Лист5!P10>0,1,0) -> 0
A11: =Лист5!A11 -> p2 9 | B11: =IF(Лист5!B11>0,1,0) -> 1 | C11: =IF(Лист5!C11>0,1,0) -> 0 | D11: =IF(Лист5!D11>0,1,0) -> 1 | E11: =IF(Лист5!E11>0,1,0) -> 1 | F11: =IF(Лист5!F11>0,1,0) -> 0 | G11: =IF(Лист5!G11>0,1,0) -> 0 | H11: =IF(Лист5!H11>0,1,0) -> 0 | I11: =IF(Лист5!I11>0,1,0) -> 0 | ... P11: =IF(Лист5!P11>0,1,0) -> 0
A12: =Лист5!A12 -> p2 8 | B12: =IF(Лист5!B12>0,1,0) -> 1 | C12: =IF(Лист5!C12>0,1,0) -> 0 | D12: =IF(Лист5!D12>0,1,0) -> 1 | E12: =IF(Лист5!E12>0,1,0) -> 1 | F12: =IF(Лист5!F12>0,1,0) -> 0 | G12: =IF(Лист5!G12>0,1,0) -> 0 | H12: =IF(Лист5!H12>0,1,0) -> 0 | I12: =IF(Лист5!I12>0,1,0) -> 0 | ... P12: =IF(Лист5!P12>0,1,0) -> 0
A13: =Лист5!A13 -> p2 6 | B13: =IF(Лист5!B13>0,1,0) -> 1 | C13: =IF(Лист5!C13>0,1,0) -> 0 | D13: =IF(Лист5!D13>0,1,0) -> 1 | E13: =IF(Лист5!E13>0,1,0) -> 0 | F13: =IF(Лист5!F13>0,1,0) -> 0 | G13: =IF(Лист5!G13>0,1,0) -> 0 | H13: =IF(Лист5!H13>0,1,0) -> 0 | I13: =IF(Лист5!I13>0,1,0) -> 0 | ... P13: =IF(Лист5!P13>0,1,0) -> 1
... A16: =Лист5!A16 -> p3 7 | B16: =IF(Лист5!B16>0,1,0) -> 1 | C16: =IF(Лист5!C16>0,1,0) -> 0 | D16: =IF(Лист5!D16>0,1,0) -> 1 | E16: =IF(Лист5!E16>0,1,0) -> 1 | F16: =IF(Лист5!F16>0,1,0) -> 0 | G16: =IF(Лист5!G16>0,1,0) -> 0 | H16: =IF(Лист5!H16>0,1,0) -> 0 | I16: =IF(Лист5!I16>0,1,0) -> 0 | ... P16: =IF(Лист5!P16>0,1,0) -> 0

Sheet Лист8
B1: 1 | C1: 2 | D1: 3 | E1: 4 | F1: 5 | G1: 6 | H1: 7 | I1: 8 | J1: 9 | K1: 10 | L1: 11 | M1: 12 | N1: 13 | O1: 14
A2: 1 | B2: 0 | C2: 13 | D2: 12 | E2: 11 | F2: 7 | G2: 8 | H2: 10 | I2: 9 | J2: 11 | K2: 10 | L2: 9 | M2: 12 | N2: 11 | O2: 10 | Q2: =SUM(B2:O2) -> 133
A3: 2 | B3: 13 | C3: 0 | D3: 8 | E3: 9 | F3: 12 | G3: 11 | H3: 10 | I3: 11 | J3: 9 | K3: 10 | L3: 11 | M3: 8 | N3: 9 | O3: 10 | Q3: =SUM(B3:O3) -> 131
A4: 3 | B4: 12 | C4: 8 | D4: 0 | E4: 7 | F4: 12 | G4: 12 | H4: 11 | I4: 9 | J4: 10 | K4: 8 | L4: 9 | M4: 9 | N4: 7 | O4: 8 | Q4: =SUM(B4:O4) -> 122 | S4: =MAX(B2:O15) -> 13
A5: 4 | B5: 11 | C5: 9 | D5: 7 | E5: 0 | F5: 11 | G5: 11 | H5: 12 | I5: 10 | J5: 11 | K5: 9 | L5: 7 | M5: 10 | N5: 8 | O5: 6 | Q5: =SUM(B5:O5) -> 122
A6: 5 | B6: 7 | C6: 12 | D6: 12 | E6: 11 | F6: 0 | G6: 7 | H6: 9 | I6: 9 | J6: 10 | K6: 10 | L6: 9 | M6: 11 | N6: 11 | O6: 10 | Q6: =SUM(B6:O6) -> 128
A7: 6 | B7: 8 | C7: 11 | D7: 12 | E7: 11 | F7: 7 | G7: 0 | H7: 8 | I7: 9 | J7: 9 | K7: 10 | L7: 9 | M7: 10 | N7: 11 | O7: 10 | Q7: =SUM(B7:O7) -> 125
A8: 7 | B8: 10 | C8: 10 | D8: 11 | E8: 12 | F8: 9 | G8: 8 | H8: 0 | I8: 8 | J8: 8 | K8: 9 | L8: 10 | M8: 9 | N8: 10 | O8: 11 | Q8: =SUM(B8:O8) -> 125
A9: 8 | B9: 9 | C9: 11 | D9: 9 | E9: 10 | F9: 9 | G9: 9 | H9: 8 | I9: 0 | J9: 9 | K9: 7 | L9: 8 | M9: 10 | N9: 8 | O9: 9 | Q9: =SUM(B9:O9) -> 116
A10: 9 | B10: 11 | C10: 9 | D10: 10 | E10: 11 | F10: 10 | G10: 9 | H10: 8 | I10: 9 | J10: 0 | K10: 8 | L10: 9 | M10: 8 | N10: 9 | O10: 10 | Q10: =SUM(B10:O10) -> 121
A11: 10 | B11: 10 | C11: 10 | D11: 8 | E11: 9 | F11: 10 | G11: 10 | H11: 9 | I11: 7 | J11: 8 | K11: 0 | L11: 7 | M11: 9 | N11: 7 | O11: 8 | Q11: =SUM(B11:O11) -> 112
A12: 11 | B12: 9 | C12: 11 | D12: 9 | E12: 7 | F12: 9 | G12: 9 | H12: 10 | I12: 8 | J12: 9 | K12: 7 | L12: 0 | M12: 10 | N12: 8 | O12: 6 | Q12: =SUM(B12:O12) -> 112
A13: 12 | B13: 12 | C13: 8 | D13: 9 | E13: 10 | F13: 11 | G13: 10 | H13: 9 | I13: 10 | J13: 8 | K13: 9 | L13: 10 | M13: 0 | N13: 8 | O13: 9 | Q13: =SUM(B13:O13) -> 123
A14: 13 | B14: 11 | C14: 9 | D14: 7 | E14: 8 | F14: 11 | G14: 11 | H14: 10 | I14: 8 | J14: 9 | K14: 7 | L14: 8 | M14: 8 | N14: 0 | O14: 7 | Q14: =SUM(B14:O14) -> 114
A15: 14 | B15: 10 | C15: 10 | D15: 8 | E15: 6 | F15: 10 | G15: 10 | H15: 11 | I15: 9 | J15: 10 | K15: 8 | L15: 6 | M15: 9 | N15: 7 | O15: 0 | Q15: =SUM(B15:O15) -> 114
B17: =SUM(B2:B15) -> 133 | C17: =SUM(C2:C15) -> 131 | D17: =SUM(D2:D15) -> 122 | E17: =SUM(E2:E15) -> 122 | F17: =SUM(F2:F15) -> 128 | G17: =SUM(G2:G15) -> 125 | H17: =SUM(H2:H15) -> 125 | I17: =SUM(I2:I15) -> 116 | ... O17: =SUM(O2:O15) -> 114 | Q17: =SUM(B17:O17) -> 1698 | R17: =SUM(Q2:Q15) -> 1698
