Workbook

Sheet Лист1
A1: 25 | B1: 50 | D1: =B1-$A$12 -> -90.52 | F1: =D1/$B$13 -> -1.4592704
A2: 50 | B2: 75 | C2: =A2-$A$12 -> -90.52 | D2: =B2-$A$12 -> -65.52 | E2: =C2/$B$13 -> -1.4592704 | F2: =D2/$B$13 -> -1.0562461
A3: 75 | B3: 100 | C3: =A3-$A$12 -> -65.52 | D3: =B3-$A$12 -> -40.52 | E3: =C3/$B$13 -> -1.0562461 | F3: =D3/$B$13 -> -0.65322178
A4: 100 | B4: 125 | C4: =A4-$A$12 -> -40.52 | D4: =B4-$A$12 -> -15.52 | E4: =C4/$B$13 -> -0.65322178 | F4: =D4/$B$13 -> -0.25019748
A5: 125 | B5: 150 | C5: =A5-$A$12 -> -15.52 | D5: =B5-$A$12 -> 9.48 | E5: =C5/$B$13 -> -0.25019748 | F5: =D5/$B$13 -> 0.15282681
A6: 150 | B6: 175 | C6: =A6-$A$12 -> 9.48 | D6: =B6-$A$12 -> 34.48 | E6: =C6/$B$13 -> 0.15282681 | F6: =D6/$B$13 -> 0.55585111
A7: 175 | B7: 200 | C7: =A7-$A$12 -> 34.48 | D7: =B7-$A$12 -> 59.48 | E7: =C7/$B$13 -> 0.55585111 | F7: =D7/$B$13 -> 0.9588754
A8: 200 | B8: 225 | C8: =A8-$A$12 -> 59.48 | D8: =B8-$A$12 -> 84.48 | E8: =C8/$B$13 -> 0.9588754 | F8: =D8/$B$13 -> 1.3618997
A9: 225 | B9: 250 | C9: =A9-$A$12 -> 84.48 | E9: =C9/$B$13 -> 1.3618997
A12: 140.52
A13: sigma | B13: 62.031

Sheet Лист2
A1: zi | B1: zi+1 | C1: Ф(zi) | D1: Ф(zi+1) | E1: Pi | F1: ni
A2: =Лист1!E1 -> 0 | B2: =Лист1!F1 -> -1.4592704 | C2: -0.5 | D2: -0.4279 | E2: =D2-C2 -> 0.0721 | F2: =100*E2 -> 7.21
A3: =Лист1!E2 -> -1.4592704 | B3: =Лист1!F2 -> -1.0562461 | C3: =D2 -> -0.4279 | D3: -0.3553 | E3: =D3-C3 -> 0.0726 | F3: =100*E3 -> 7.26
A4: =Лист1!E3 -> -1.0562461 | B4: =Лист1!F3 -> -0.65322178 | C4: =D3 -> -0.3553 | D4: -0.2422 | E4: =D4-C4 -> 0.1131 | F4: =100*E4 -> 11.31
A5: =Лист1!E4 -> -0.65322178 | B5: =Лист1!F4 -> -0.25019748 | C5: =D4 -> -0.2422 | D5: -0.0987 | E5: =D5-C5 -> 0.1435 | F5: =100*E5 -> 14.35
A6: =Лист1!E5 -> -0.25019748 | B6: =Лист1!F5 -> 0.15282681 | C6: =D5 -> -0.0987 | D6: 0.0596 | E6: =D6-C6 -> 0.1583 | F6: =100*E6 -> 15.83
A7: =Лист1!E6 -> 0.15282681 | B7: =Лист1!F6 -> 0.55585111 | C7: =D6 -> 0.0596 | D7: 0.2123 | E7: =D7-C7 -> 0.1527 | F7: =100*E7 -> 15.27
A8: =Лист1!E7 -> 0.55585111 | B8: =Лист1!F7 -> 0.9588754 | C8: =D7 -> 0.2123 | D8: 0.3315 | E8: =D8-C8 -> 0.1192 | F8: =100*E8 -> 11.92
A9: =Лист1!E8 -> 0.9588754 | B9: =Лист1!F8 -> 1.3618997 | C9: =D8 -> 0.3315 | D9: 0.4131 | E9: =D9-C9 -> 0.0816 | F9: =100*E9 -> 8.16
A10: =Лист1!E9 -> 1.3618997 | B10: =Лист1!F9 -> 0 | C10: =D9 -> 0.4131 | D10: 0.5 | E10: =D10-C10 -> 0.0869 | F10: =100*E10 -> 8.69
E11: =SUM(E2:E10) -> 1 | F11: =SUM(F2:F10) -> 100

Sheet Лист3
A1: i | B1: ni | C1: ni' | D1: ni-ni' | E1: (ni-ni')^2 | F1: (ni-ni')^2/ni' | G1: ni^2 | H1: ni^2/ni'
A2: 1 | B2: 8 | C2: =Лист2!F2 -> 7.21 | D2: =B2-C2 -> 0.79 | E2: =D2^2 -> 0.6241 | F2: =E2/C2 -> 0.086560333 | G2: =B2^2 -> 64 | H2: =G2/C2 -> 8.8765603
A3: 2 | B3: 9 | C3: =Лист2!F3 -> 7.26 | D3: =B3-C3 -> 1.74 | E3: =D3^2 -> 3.0276 | F3: =E3/C3 -> 0.41702479 | G3: =B3^2 -> 81 | H3: =G3/C3 -> 11.157025
A4: 3 | B4: 12 | C4: =Лист2!F4 -> 11.31 | D4: =B4-C4 -> 0.69 | E4: =D4^2 -> 0.4761 | F4: =E4/C4 -> 0.042095491 | G4: =B4^2 -> 144 | H4: =G4/C4 -> 12.732095
A5: 4 | B5: 9 | C5: =Лист2!F5 -> 14.35 | D5: =B5-C5 -> -5.35 | E5: =D5^2 -> 28.6225 | F5: =E5/C5 -> 1.9945993 | G5: =B5^2 -> 81 | H5: =G5/C5 -> 5.6445993
A6: 5 | B6: 16 | C6: =Лист2!F6 -> 15.83 | D6: =B6-C6 -> 0.17 | E6: =D6^2 -> 0.0289 | F6: =E6/C6 -> 0.0018256475 | G6: =B6^2 -> 256 | H6: =G6/C6 -> 16.171826
A7: 6 | B7: 13 | C7: =Лист2!F7 -> 15.27 | D7: =B7-C7 -> -2.27 | E7: =D7^2 -> 5.1529 | F7: =E7/C7 -> 0.33745252 | G7: =B7^2 -> 169 | H7: =G7/C7 -> 11.067453
A8: 7 | B8: 13 | C8: =Лист2!F8 -> 11.92 | D8: =B8-C8 -> 1.08 | E8: =D8^2 -> 1.1664 | F8: =E8/C8 -> 0.097852349 | G8: =B8^2 -> 169 | H8: =G8/C8 -> 14.177852
A9: 8 | B9: 11 | C9: =Лист2!F9 -> 8.16 | D9: =B9-C9 -> 2.84 | E9: =D9^2 -> 8.0656 | F9: =E9/C9 -> 0.98843137 | G9: =B9^2 -> 121 | H9: =G9/C9 -> 14.828431
A10: 9 | B10: 9 | C10: =Лист2!F10 -> 8.69 | D10: =B10-C10 -> 0.31 | E10: =D10^2 -> 0.0961 | F10: =E10/C10 -> 0.011058688 | G10: =B10^2 -> 81 | H10: =G10/C10 -> 9.3210587
B11: =SUM(B2:B10) -> 100 | C11: =SUM(C2:C10) -> 100 | F11: =SUM(F2:F10) -> 3.9769005 | H11: =SUM(H2:H10) -> 103.9769
B14: Контроль | C14: =H11-100 -> 3.9769005

Sheet Лист4
B1: j | C1: 1 | D1: 2 | E1: 3 | F1: 4 | G1: 5 | H1: 6 | I1: 7 | J1: 8 | K1: 9 | L1: 10 | M1: 11 | N1: 12 | O1: 13
A2: i | B2: x/y | C2: 2400 | D2: 2440 | E2: 2480 | F2: 2520 | G2: 2560 | H2: 2600 | I2: 2640 | J2: 2680 | K2: mxi | L2: mxixi | M2: sum(myiyi) | N2: xi^2mxi | O2: xisum(miyi)
A3: 1 | B3: 300 | C3: 5 | D3: 4 | E3: 2 | K3: =SUM(C3:J3) -> 11 | L3: =B3*K3 -> 3300 | M3: =$C$2*$C3+$D$2*$D3+$E$2*$E3+$F$2*$F3+$G$2*$G3+$H$2*$H3+$I$2*$I3+$J$2*$J3 -> 26720 | N3: =$B3^2*$K3 -> 990000 | O3: =$B3*$M3 -> 8016000
A4: 2 | B4: 305 | D4: 1 | E4: 3 | F4: 3 | K4: =SUM(C4:J4) -> 7 | L4: =B4*K4 -> 2135 | M4: =$C$2*$C4+$D$2*$D4+$E$2*$E4+$F$2*$F4+$G$2*$G4+$H$2*$H4+$I$2*$I4+$J$2*$J4 -> 17440 | N4: =$B4^2*$K4 -> 651175 | O4: =$B4*$M4 -> 5319200
A5: 3 | B5: 310 | E5: 7 | F5: 10 | G5: 14 | K5: =SUM(C5:J5) -> 31 | L5: =B5*K5 -> 9610 | M5: =$C$2*$C5+$D$2*$D5+$E$2*$E5+$F$2*$F5+$G$2*$G5+$H$2*$H5+$I$2*$I5+$J$2*$J5 -> 78400 | N5: =$B5^2*$K5 -> 2979100 | O5: =$B5*$M5 -> 24304000
A6: 4 | B6: 315 | F6: 9 | G6: 6 | H6: 4 | K6: =SUM(C6:J6) -> 19 | L6: =B6*K6 -> 5985 | M6: =$C$2*$C6+$D$2*$D6+$E$2*$E6+$F$2*$F6+$G$2*$G6+$H$2*$H6+$I$2*$I6+$J$2*$J6 -> 48440 | N6: =$B6^2*$K6 -> 1885275 | O6: =$B6*$M6 -> 15258600
A7: 5 | B7: 320 | H7: 8 | I7: 5 | J7: 7 | K7: =SUM(C7:J7) -> 20 | L7: =B7*K7 -> 6400 | M7: =$C$2*$C7+$D$2*$D7+$E$2*$E7+$F$2*$F7+$G$2*$G7+$H$2*$H7+$I$2*$I7+$J$2*$J7 -> 52760 | N7: =$B7^2*$K7 -> 2048000 | O7: =$B7*$M7 -> 16883200
A8: 6 | B8: 325 | I8: 6 | J8: 6 | K8: =SUM(C8:J8) -> 12 | L8: =B8*K8 -> 3900 | M8: =$C$2*$C8+$D$2*$D8+$E$2*$E8+$F$2*$F8+$G$2*$G8+$H$2*$H8+$I$2*$I8+$J$2*$J8 -> 31920 | N8: =$B8^2*$K8 -> 1267500 | O8: =$B8*$M8 -> 10374000
A9: 7 | B9: myi | C9: =SUM(C3:C8) -> 5 | D9: =SUM(D3:D8) -> 5 | E9: =SUM(E3:E8) -> 12 | F9: =SUM(F3:F8) -> 22 | G9: =SUM(G3:G8) -> 20 | H9: =SUM(H3:H8) -> 12 | I9: =SUM(I3:I8) -> 11 | J9: =SUM(J3:J8) -> 13 | K9: =(SUM(C9:J9)+SUM(K3:K8))/2 -> 100 | L9: =SUM(L3:L8) -> 31330 | M9: =SUM(M3:M8) -> 255680 | N9: =SUM(N3:N8) -> 9821050 | O9: =SUM(O3:O8) -> 80155000
A10: 8 | B10: myiyi | C10: =C2*C9 -> 12000 | D10: =D2*D9 -> 12200 | E10: =E2*E9 -> 29760 | F10: =F2*F9 -> 55440 | G10: =G2*G9 -> 51200 | H10: =H2*H9 -> 31200 | I10: =I2*I9 -> 29040 | J10: =J2*J9 -> 34840 | K10: =SUM(C10:J10) -> 255680
A11: 9 | B11: sum(mijxi) | C11: =C$3*$B$3+C$4*$B$4+C$5*$B$5+C$6*$B$6+C$7*$B$7+C$8*$B$8 -> 1500 | D11: =D$3*$B$3+D$4*$B$4+D$5*$B$5+D$6*$B$6+D$7*$B$7+D$8*$B$8 -> 1505 | E11: =E$3*$B$3+E$4*$B$4+E$5*$B$5+E$6*$B$6+E$7*$B$7+E$8*$B$8 -> 3685 | F11: =F$3*$B$3+F$4*$B$4+F$5*$B$5+F$6*$B$6+F$7*$B$7+F$8*$B$8 -> 6850 | G11: =G$3*$B$3+G$4*$B$4+G$5*$B$5+G$6*$B$6+G$7*$B$7+G$8*$B$8 -> 6230 | H11: =H$3*$B$3+H$4*$B$4+H$5*$B$5+H$6*$B$6+H$7*$B$7+H$8*$B$8 -> 3820 | I11: =I$3*$B$3+I$4*$B$4+I$5*$B$5+I$6*$B$6+I$7*$B$7+I$8*$B$8 -> 3550 | J11: =J$3*$B$3+J$4*$B$4+J$5*$B$5+J$6*$B$6+J$7*$B$7+J$8*$B$8 -> 4190 | K11: =SUM(C11:J11) -> 31330
A12: 10 | B12: yj^2mij | C12: =C$2^2*C$9 -> 28800000 | D12: =D$2^2*D$9 -> 29768000 | E12: =E$2^2*E$9 -> 73804800 | F12: =F$2^2*F$9 -> 139708800 | G12: =G$2^2*G$9 -> 131072000 | H12: =H$2^2*H$9 -> 81120000 | I12: =I$2^2*I$9 -> 76665600 | J12: =J$2^2*J$9 -> 93371200 | K12: =SUM(C12:J12) -> 654310400
A13: 11 | B13: yjsum(mijxj) | C13: =C$11*C$2 -> 3600000 | D13: =D$11*D$2 -> 3672200 | E13: =E$11*E$2 -> 9138800 | F13: =F$11*F$2 -> 17262000 | G13: =G$11*G$2 -> 15948800 | H13: =H$11*H$2 -> 9932000 | I13: =I$11*I$2 -> 9372000 | J13: =J$11*J$2 -> 11229200 | K13: =SUM(C13:J13) -> 80155000

Sheet Лист5
A1: x | B1: y
A2: 300 | B2: =9.4116*A2-391.85428 -> 2431.6257
A3: 295 | B3: =9.4116*A3-391.85428 -> 2384.5677
A4: 325 | B4: =9.4116*A4-391.85428 -> 2666.9157
B5: =9.4116*A5-391.85428 -> -391.85428
B6: =9.4116*A6-391.85428 -> -391.85428
B7: =9.4116*A7-391.85428 -> -391.85428
B8: =9.4116*A8-391.85428 -> -391.85428
